X_deg,Y_deg,Pop,Elevation,LandCover,NightLights,Slope,GHI,SolarRestriction,TravelHours,WindVel,SubstationDist,RoadDist,GridDistCurrent,GridDistPlan,Hydropower,HydropowerFID,HydropowerDist,X,Y,Country,VIIRS,Island_Name,Atoll,GHI_GSA,DNI_GSA,PVOUT_GSA,TEMP_GSA,GHI_annual,RoadDistClassified,SubstationDistClassified,LandCoverClassified,ElevationClassified,SlopeClassified,GridClassification,GridPenalty,WindCF,PopStartCalibrated,IsUrban,PopFuture,ElecStart,NewConnections
73.067,-0.696,4291,1.4,7,16,0.3,2015,1,8.3,4.5,3.0,0.4,0.0,0.0,0,0,999,306000,-77000,Maldives,16.0,Feydhoo,Addu,5.590360156504728,4.374202201163162,4.386636339356849,29.165979385375977,2040.4814571242248,5,3,5,5,5,4.82,1.2471308483800159,0.05253411552060387,6640.492552208794,0,6642.601119022543,1,146.95526478021384
73.104,-0.687,3943,1.5,7,18,0.3,2041,1,8.2,4.5,2.0,0.3,0.0,0.0,0,0,999,310000,-76000,Maldives,18.0,Maradhoo,Addu,5.592790603637695,4.378914833068848,4.388545036315918,29.1666316986084,2041.3685703277588,5,3,5,5,5,4.82,1.2471308483800159,0.05253411552060387,6101.948760978624,0,6103.886323072917,1,135.03719623127108
73.058,-0.684,3074,1.3,7,14,0.2,2015,1,8.4,4.5,4.0,0.3,0.0,0.0,0,0,999,305000,-75600,Maldives,14.0,Hulhumeedhoo,Addu,5.589480089966824,4.372487576460447,4.385948814171659,29.166044678813385,2040.1602328378904,5,3,5,5,5,4.82,1.2471308483800159,0.05253411552060387,4757.13682253317,0,4758.647364221695,1,105.2762721823301
73.158,-0.633,13745,1.8,7,25,0.4,2033,1,8.0,4.5,0.5,0.2,0.0,0.0,0,0,999,316000,-70000,Maldives,25.0,Hithadhoo,Addu,5.5703229904174805,4.336953163146973,4.3702826499938965,29.16874885559082,2033.1678915023804,5,5,5,5,5,5.0,1.2896410004739702,0.05253411552060387,21270.93221396175,0,21277.686408987378,1,470.72946035983114
73.425,-0.1867,14200,2.4,7,22,0.3,2005,1,7.5,4.6,0.0,0.2,0.0,0.0,0,0,999,345000,-20600,Maldives,22.0,Fuvahmulah,Gnaviyani,5.58108143131086,4.34349436149186,4.38548852047563,29.13940417522972,2037.094722428464,5,5,5,4,5,4.8500000000000005,1.2537719998312147,0.057171757777993396,21975.062745598898,0,21982.040524381286,1,486.3119925143401
73.042,0.512,1045,1.5,7,3,0.3,2037,1,6.2,4.7,4.0,0.4,0.0,0.0,0,0,999,303500,56600,Maldives,3.0,Dhaandhoo,Gaafu_Alif,5.581790447235107,4.350637435913086,4.38737154006958,29.158920288085938,2037.3535132408144,5,3,5,5,5,4.82,1.2471308483800159,0.06198678148274357,1617.1789133204823,0,1617.6924188717214,1,35.788452970245544
73.006,0.531,7487,1.3,7,15,0.2,2037,1,6.0,4.8,0.5,0.3,0.0,0.0,0,0,999,299000,58700,Maldives,15.0,Thinadhoo,Gaafu_Dhaalu,5.581864356994629,4.343631267547607,4.392629146575928,28.866607666015625,2037.38049030304,5,5,5,5,5,5.0,1.2896410004739702,0.06697282447713096,11586.429209598518,0,11590.108268031176,1,256.409710419357
73.078,0.578,1307,1.4,7,4,0.3,2040,1,6.3,4.7,2.0,0.4,0.0,0.0,0,0,999,307000,63900,Maldives,4.0,Gemanafushi,Gaafu_Alif,5.588245391845703,4.367243766784668,4.392599582672119,29.16110610961914,2039.7095680236816,5,3,5,5,5,4.82,1.2471308483800159,0.06198678148274357,2022.6342963730817,0,2023.2765468567845,1,44.761251705369205
73.029,0.617,2906,1.4,7,8,0.2,2044,1,6.5,4.7,1.0,0.3,0.0,0.0,0,0,999,301500,68200,Maldives,8.0,Villingili,Gaafu_Alif,5.598893642425537,4.396463394165039,4.400173187255859,29.16122055053711,2043.596179485321,5,4,5,5,5,4.91,1.2675733140294807,0.06198678148274357,4497.150164697916,0,4498.578152383945,1,99.52272184835692
73.035,0.688,1197,1.3,7,3,0.2,2017,1,6.4,4.8,3.0,0.3,0.0,0.0,0,0,999,302500,76100,Maldives,3.0,Maamendhoo,Gaafu_Alif,5.59281814197336,4.378635772556301,4.396404259508016,29.127548609152697,2041.378621820276,5,3,5,5,5,4.82,1.2471308483800159,0.06697282447713096,1852.4049370761888,0,1852.9931343439719,1,40.994046129554135
73.04,1.543,4815,1.1,7,10,0.2,2002,1,5.2,4.9,2.0,0.3,0.0,0.0,0,0,999,303000,170700,Maldives,10.0,Gan_Laamu,Laamu,5.579577927004196,4.3019024376973904,4.394790988480282,29.14490812430537,2036.5459433565316,5,3,5,5,5,4.82,1.2471308483800159,0.07212316431945323,7451.403318313993,0,7453.769374992668,1,164.9008622504616
73.029,1.58,1584,1.4,7,4,0.3,2002,1,5.3,4.9,3.0,0.4,0.0,0.0,0,0,999,301500,174800,Maldives,4.0,Isdhoo-Kalaidhoo,Laamu,5.579541896237582,4.300205751101525,4.395086681855808,29.1471801374733,2036.532792126717,5,3,5,5,5,4.82,1.2471308483800159,0.07212316431945323,2451.3027738752576,0,2452.0811401845044,1,54.24776029174063
73.152,1.794,3860,1.1,7,9,0.2,2000,1,5.0,5.0,0.5,0.2,0.0,0.0,0,0,999,315000,198500,Maldives,9.0,Gan,Laamu,5.580324413898331,4.296054287631868,4.396948751984588,29.158064661810556,2036.818411072891,5,5,5,5,5,5.0,1.2896410004739702,0.07743075958216944,5973.5029716909685,0,5975.399748176886,1,132.1946683877013
73.012,2.249,1096,1.3,7,3,0.3,2040,1,4.5,5.0,12.0,0.4,0.0,0.0,0,0,999,300000,248700,Maldives,3.0,Dhiggaru,Meemu,5.588014125823975,4.323298931121826,4.401559829711914,29.17038345336914,2039.6251559257507,5,1,5,5,5,4.640000000000001,1.2106516233894706,0.07743075958216944,1696.1034344490417,0,1696.6420010367528,1,37.53506646448727
73.021,2.278,1423,1.5,7,4,0.2,2041,1,4.4,5.0,11.0,0.3,0.0,0.0,0,0,999,301000,252000,Maldives,4.0,Mulah,Meemu,5.5904541015625,4.326161861419678,4.403783321380615,29.169397354125977,2040.5157470703125,5,1,5,5,5,4.640000000000001,1.2106516233894706,0.07743075958216944,2202.148893449805,0,2202.84814550666,1,48.73394122168338
73.016,2.52,940,1.2,7,3,0.2,2036,1,4.4,5.0,10.0,0.3,0.0,0.0,0,0,999,300500,278700,Maldives,3.0,Muli,Meemu,5.578068256378174,4.288422107696533,4.396340370178223,29.16502571105957,2035.9949135780328,5,2,5,5,5,4.73,1.2281939107503848,0.07743075958216944,1454.6872521734483,0,1455.1491614731276,1,32.19248401151276
73.044,2.651,2015,1.3,7,5,0.2,1990,1,4.0,5.1,6.0,0.3,0.0,0.0,0,0,999,303500,293200,Maldives,5.0,Himmafushi,Kaafu,5.578730600386042,4.28183137475436,4.397980393852882,29.163123684102757,2036.2366691409056,5,2,5,5,5,4.73,1.2281939107503848,0.08288829179333505,3118.2923543930833,0,3119.2825110301615,1,69.00835668425316
72.988,2.896,922,1.2,7,3,0.3,2038,1,4.3,5.1,9.0,0.4,0.0,0.0,0,0,999,297000,320400,Maldives,3.0,Feeali,Faafu,5.582940578460693,4.278648376464844,4.402834415435791,29.16256523132324,2037.773311138153,5,2,5,5,5,4.73,1.2281939107503848,0.08288829179333505,1426.8315388339568,0,1427.28460306194,1,31.576032190015894
72.993,2.983,1825,1.5,7,5,0.2,2038,1,4.2,5.1,10.0,0.3,0.0,0.0,0,0,999,297500,330000,Maldives,5.0,Nilandhoo,Faafu,5.583746433258057,4.274562358856201,4.405202388763428,29.13486289978028,2038.067448139191,5,2,5,5,5,4.73,1.2281939107503848,0.08288829179333505,2824.25982469845,0,2825.1566166898483,1,62.501365235117646
73.05,3.13,3132,1.3,7,7,0.3,2035,1,4.0,5.2,8.0,0.4,0.0,0.0,0,0,999,304000,346200,Maldives,7.0,Kudahuvadhoo,Dhaalu,5.574940204620361,4.254272937774658,4.398538589477539,29.16435432434082,2034.853174686432,5,2,5,5,5,4.73,1.2281939107503848,0.08848820772654743,4846.894121071532,0,4848.433163546633,1,107.26261694048753
73.018,3.478,884,1.4,7,2,0.3,1986,1,3.8,5.3,12.0,0.4,0.0,0.0,0,0,999,300700,384600,Maldives,2.0,Himandhoo,Alif_Alif,5.559010119975485,4.202729060396869,4.388315556850667,29.170994876168688,2029.0386937910523,5,1,5,5,5,4.640000000000001,1.2106516233894706,0.09422276168420585,1368.02503289503,0,1368.4594241938773,1,30.27463390018852
73.401,3.501,4760,1.3,7,11,0.3,2027,1,3.5,5.3,0.5,0.2,0.0,0.0,0,0,999,343000,387000,Maldives,11.0,Dhuvaafaru,Raa,5.553940773010254,4.19652271270752,4.383800029754639,29.17202377319336,2027.188382148743,5,5,5,5,5,5.0,1.2896410004739702,0.09422276168420585,7366.288638665546,0,7368.627668736262,1,163.01725946255374
73.056,3.575,1654,1.5,7,4,0.3,1985,1,3.5,5.2,7.0,0.4,0.0,0.0,0,0,999,305000,395300,Maldives,4.0,Huraa,Kaafu,5.5536939213707015,4.18532847362307,4.385024364032448,29.174658209617085,2027.0982813003056,5,2,5,5,5,4.73,1.2281939107503848,0.08848820772654743,2559.63054797328,0,2560.4433117835665,1,56.64507293089582
73.417,3.684,1831,1.2,7,5,0.3,2025,1,3.2,5.3,7.0,0.4,0.0,0.0,0,0,999,346000,407500,Maldives,5.0,Hoarafushi,Haa_Alif,5.549158096313477,4.176505088806152,4.381834030151367,29.17790603637696,2025.442705154419,5,2,5,5,5,4.73,1.2281939107503848,0.09422276168420585,2833.5450624782807,0,2834.444802826911,1,62.70684917561675
73.455,4.065,4499,1.2,7,12,0.2,2021,1,1.0,5.1,3.0,0.2,0.0,0.0,0,0,999,350000,449000,Maldives,12.0,Maafushi,Kaafu,5.537165641784668,4.132169246673584,4.375127792358398,29.19500160217285,2021.065459251404,5,3,5,5,5,4.82,1.2471308483800159,0.08288829179333505,6962.380795242919,0,6964.591571774043,1,154.07870805084622
73.423,4.103,1818,1.3,7,6,0.3,2020,1,1.2,5.1,4.0,0.3,0.0,0.0,0,0,999,347000,453200,Maldives,6.0,Thulusdhoo,Kaafu,5.535520076751709,4.122056484222412,4.374523639678955,29.1964168548584,2020.4648280143736,5,3,5,5,5,4.82,1.2471308483800159,0.08288829179333505,2813.427047288648,0,2814.3203995299423,1,62.26163397120217
73.5088,4.1749,137433,1.5,7,65,0.5,2013,1,0.0,5.2,0.5,0.1,0.0,0.0,0,0,999,356000,461500,Maldives,65.0,Male,Kaafu,5.515139102935791,4.056223392486572,4.359485149383545,29.19908332824707,2013.025772571564,5,5,5,5,5,5.0,1.2896410004739702,0.08848820772654743,212683.013965908,1,306153.2269801621,1,89349.65138884488
73.529,4.191,6754,1.0,7,30,0.2,2016,1,0.3,5.0,1.5,0.3,0.0,0.0,0,0,999,358100,463300,Maldives,30.0,Villimale,Kaafu,5.524425506591797,4.069056987762451,4.367513656616211,29.199657440185547,2016.4153099060056,5,3,5,5,5,4.82,1.2471308483800159,0.07743075958216944,10452.082660829223,0,10455.401528286706,1,231.30642235506093
73.537,4.2117,65724,1.2,7,55,0.3,2019,1,0.2,5.1,1.0,0.2,0.0,0.0,0,0,999,359000,465600,Maldives,55.0,Hulhumale,Kaafu,5.5303635597229,4.083451271057129,4.372811317443848,29.1456241607666,2018.5826992988584,5,4,5,5,5,4.91,1.2675733140294807,0.08288829179333505,101710.49464026353,0,101742.7909453828,1,2250.8710842262517
73.446,4.267,2450,1.5,7,7,0.3,2020,1,1.5,5.2,5.0,0.4,0.0,0.0,0,0,999,349000,471700,Maldives,7.0,Kaashidhoo,Kaafu,5.532931327819824,4.113575458526611,4.3736066818237305,29.18552589416504,2019.519934654236,5,3,5,5,5,4.82,1.2471308483800159,0.08848820772654743,3791.472093430796,0,3792.676005967194,1,83.90594237043251
73.015,4.483,1274,1.2,7,4,0.2,1972,1,3.6,5.4,8.0,0.3,0.0,0.0,0,0,999,300000,495800,Maldives,4.0,Ukulhas,Alif_Alif,5.53737431814528,4.1141582517021735,4.3777219027997205,29.19334197687598,2021.141626123027,5,2,5,5,5,4.73,1.2281939107503848,0.10008405738662154,1971.5654885840138,0,1972.1915231029407,1,43.6310900326248
73.008,4.536,1286,1.4,7,4,0.2,1975,1,3.8,5.4,6.0,0.3,0.0,0.0,0,0,999,299800,501700,Maldives,4.0,Rasdhoo,Alif_Alif,5.537829363824137,4.112892787119984,4.378530866835234,29.19558628019712,2021.3077177958107,5,2,5,5,5,4.73,1.2281939107503848,0.10008405738662154,1990.135964143675,0,1990.767895377066,1,44.042057913622784
73.005,5.011,1980,1.5,7,5,0.2,2024,1,4.8,5.7,4.0,0.3,0.0,0.0,0,0,999,299500,554200,Maldives,5.0,Nolhivaram,Haa_Dhaalu,5.545491695404053,4.10460090637207,4.3885111808776855,29.22728157043457,2024.1044688224792,5,3,5,5,5,4.82,1.2471308483800159,0.11834802791473084,3064.128467344072,0,3065.10142523063,1,67.80970036467579
72.997,5.235,1923,1.2,7,5,0.3,2022,1,5.0,5.9,5.0,0.4,0.0,0.0,0,0,999,298500,579000,Maldives,5.0,Thoddoo,Alif_Alif,5.541013240814209,4.087574481964111,4.386974334716797,29.2298583984375,2022.4698328971865,5,3,5,5,5,4.82,1.2471308483800159,0.13100981849510152,2975.9187084356818,0,2976.8636569285363,1,65.85760292993518
73.014,5.307,4814,1.2,7,12,0.3,2021,1,4.5,5.8,0.5,0.2,0.0,0.0,0,0,999,300000,586700,Maldives,12.0,Naifaru,Lhaviyani,5.53720760345459,4.0791449546813965,4.385128974914551,29.22946548461914,2021.0807752609253,5,5,5,5,5,5.0,1.2896410004739702,0.12463572742122861,7449.855778684021,0,7452.221343969825,1,164.8666149270457
73.005,5.31,2288,1.4,7,10,0.2,2021,1,4.6,5.8,1.0,0.3,0.0,0.0,0,0,999,299500,587000,Maldives,10.0,Hinnavaru,Lhaviyani,5.536871910095215,4.078988075256348,4.3853840827941895,29.20209312438965,2020.9582471847527,5,4,5,5,5,4.91,1.2675733140294807,0.12463572742122861,3540.7706733753716,0,3541.8949802665056,1,78.35787597695844
73.036,6.552,2645,1.4,7,8,0.2,2002,1,5.8,6.1,2.0,0.3,0.0,0.0,0,0,999,302500,724700,Maldives,8.0,Hanimaadhoo,Haa_Dhaalu,5.486127853393555,3.946014642715454,4.356379985809326,29.2459659576416,2002.436666488648,5,3,5,5,5,4.82,1.2471308483800159,0.14398531747700147,4093.242321275288,0,4094.5420554217258,1,90.58417043665031
73.069,6.622,10251,1.5,7,20,0.3,2004,1,5.5,6.0,0.5,0.2,0.0,0.0,0,0,999,306000,732500,Maldives,20.0,Kulhudhuffushi,Haa_Dhaalu,5.490374565124512,3.942783117294312,4.3656768798828125,29.183534622192383,2003.9867162704468,5,5,5,5,5,5.0,1.2896410004739702,0.13746231139593137,15863.828746840445,0,15868.866015171308,1,351.0693123425717
73.084,7.03,2866,1.3,7,7,0.3,1932,1,6.2,6.2,3.0,0.4,0.0,0.0,0,0,999,308000,777800,Maldives,7.0,Ihavandhoo,Haa_Alif,5.4998680720946975,3.98204631609752,4.366143591439903,29.20679978023644,2007.4518463145653,5,3,5,5,5,4.82,1.2471308483800159,0.15057107584899446,4435.248579499045,0,4436.656911470195,1,98.15282891169772
73.075,7.05,4736,1.4,7,10,0.2,1930,1,6.0,6.2,0.5,0.3,0.0,0.0,0,0,999,307000,780000,Maldives,10.0,Dhiddhoo,Haa_Alif,5.500522515332799,3.984337232255465,4.3663686928713865,29.206795870030373,2007.6907180964715,5,5,5,5,5,5.0,1.2896410004739702,0.15057107584899446,7329.147687546224,0,7331.474924188012,1,162.1953237005573
